_id,blog_id,user_id,title,content,category,published_at
67292df01641189d4000e9bf,1,3,The Joy of Coding,Coding can be both fun and challenging. It's a journey of constant learning.,Technology,2024-11-01 10:00:00
67292df01641189d4000e9c0,2,5,Travel Tips for Europe,Exploring Europe can be overwhelming. Here are some tips to make your trip enjoyable.,Travel,2024-11-01 11:30:00
67292df01641189d4000e9c1,3,7,Healthy Eating Made Easy,Eating healthy doesn't have to be complicated. Simple recipes can make a difference.,Health,2024-11-01 12:15:00
67292df01641189d4000e9c2,4,2,The Future of AI,AI technology is advancing rapidly. What does the future hold for us?,Technology,2024-11-01 14:00:00
67292df01641189d4000e9c3,5,6,Fitness Routines for Beginners,Starting a fitness routine can be intimidating. Here are some beginner-friendly workouts.,Health,2024-11-01 15:45:00
67292df01641189d4000e9c4,6,1,DIY Home Projects,Get creative with these DIY home improvement projects that anyone can do.,Home,2024-11-01 16:30:00
67292df01641189d4000e9c5,7,9,Book Recommendations for Fall,"As the weather cools, cozy up with these great reads this season.",Literature,2024-11-01 17:00:00
67292df01641189d4000e9c6,8,4,Mindfulness and Meditation,Incorporating mindfulness into your daily routine can greatly enhance your life.,Wellness,2024-11-01 18:00:00
67292df01641189d4000e9c7,9,8,Gadgets to Watch in 2024,Stay ahead of the curve with these innovative gadgets launching next year.,Technology,2024-11-01 19:15:00
67292df01641189d4000e9c8,10,10,Sustainable Living Tips,Small changes can make a big impact on the environment. Here are some tips.,Lifestyle,2024-11-01 20:00:00
67292df01641189d4000e9c9,11,2,Fashion Trends for Winter,Stay stylish this winter with these top fashion trends.,Fashion,2024-11-01 21:00:00
67292df01641189d4000e9ca,12,3,Budgeting 101,Learn how to manage your finances with these simple budgeting tips.,Finance,2024-11-01 22:00:00
67292df01641189d4000e9cb,13,5,Top 10 Romantic Movies,Looking for a great film? Here are ten romantic movies to watch.,Movies,2024-11-01 23:00:00
67292df01641189d4000e9cc,14,7,The Best Workout Playlists,Get motivated with these playlists perfect for your next workout session.,Music,2024-11-02 09:00:00
67292df01641189d4000e9cd,15,6,Traveling on a Budget,Discover how to explore the world without breaking the bank.,Travel,2024-11-02 10:30:00
67292df01641189d4000e9ce,16,1,Understanding Mental Health,An essential guide to mental health awareness and resources.,Health,2024-11-02 11:45:00
67292df01641189d4000e9cf,17,4,Art Movements Through History,A brief overview of significant art movements and their impact.,Art,2024-11-02 12:30:00
67292df01641189d4000e9d0,18,8,Study Tips for Students,Improve your study habits with these effective techniques.,Education,2024-11-02 13:15:00
67292df01641189d4000e9d1,19,9,The Impact of Social Media on Relationships,Exploring how social media shapes our connections with others.,Relationships,2024-11-02 14:00:00
67292df01641189d4000e9d2,20,10,Essential Gear for Outdoor Sports,Make the most of your outdoor adventures with this essential gear.,Sports,2024-11-02 15:30:00
67292df01641189d4000e9d3,21,4,Quick Healthy Breakfast Ideas,Start your day right with these nutritious breakfast options.,Health,2024-11-02 16:00:00
67292df01641189d4000e9d4,22,2,Exploring Hidden Gems in Asia,Discover off-the-beaten-path destinations in Asia.,Travel,2024-11-02 17:15:00
67292df01641189d4000e9d5,23,6,Simple Recipes for Busy Weeknights,Easy and quick meals for those hectic evenings.,Food,2024-11-02 18:30:00
67292df01641189d4000e9d6,24,1,Tech Innovations to Watch,Keep an eye on these groundbreaking tech innovations this year.,Technology,2024-11-02 19:45:00
67292df01641189d4000e9d7,25,7,Investing Basics for Beginners,A straightforward guide to start your investing journey.,Finance,2024-11-02 20:30:00
67292df01641189d4000e9d8,26,8,Fall Fashion Must-Haves,Update your wardrobe with these essential fall pieces.,Fashion,2024-11-02 21:15:00
67292df01641189d4000e9d9,27,3,The Power of Music in Film,How music enhances storytelling in cinema.,Movies,2024-11-03 09:00:00
67292df01641189d4000e9da,28,9,Creating a Cozy Home Atmosphere,Tips to make your living space more inviting and comfortable.,Home,2024-11-03 10:15:00
67292df01641189d4000e9db,29,10,A Guide to Sustainable Fashion,Learn how to shop ethically and make sustainable choices.,Fashion,2024-11-03 11:30:00
67292df01641189d4000e9dc,30,5,The Benefits of Reading Daily,Why incorporating reading into your routine can enrich your life.,Literature,2024-11-03 12:45:00
67292df01641189d4000e9dd,31,2,Getting Started with Yoga,A beginner's guide to yoga practice and its benefits.,Health,2024-11-03 14:00:00
67292df01641189d4000e9de,32,4,The Role of Art in Society,Exploring how art reflects and shapes cultural identity.,Art,2024-11-03 15:15:00
67292df01641189d4000e9df,33,8,Effective Study Techniques for Exams,Maximize your learning with these study strategies.,Education,2024-11-03 16:30:00
67292df01641189d4000e9e0,34,1,Travel Photography Tips,Capture your adventures with these photography tips.,Travel,2024-11-03 17:45:00
67292df01641189d4000e9e1,35,7,How to Build Strong Relationships,Key practices for nurturing meaningful connections.,Relationships,2024-11-03 19:00:00
67292df01641189d4000e9e2,36,9,Must-See Documentaries,Engaging documentaries that will expand your perspective.,Movies,2024-11-03 20:15:00
67292df01641189d4000e9e3,37,3,Creating a Balanced Workout Routine,"Tips for balancing cardio, strength, and flexibility.",Fitness,2024-11-03 21:30:00
67292df01641189d4000e9e4,38,10,Personal Finance Tips for Millennials,Essential financial advice for young adults.,Finance,2024-11-03 22:45:00
67292df01641189d4000e9e5,39,6,The Best Fall Recipes,Warm up with these delicious fall-inspired dishes.,Food,2024-11-04 09:00:00
67292df01641189d4000e9e6,40,5,Navigating the World of Freelancing,Tips for succeeding as a freelancer in today's market.,Career,2024-11-04 10:15:00
67292df01641189d4000e9e7,41,3,Essential Camping Gear,Make the most of your outdoor adventures with the right gear.,Sports,2024-11-04 11:30:00
67292df01641189d4000e9e8,42,7,Creative Ways to Save Money,Innovative tips for cutting costs without sacrificing quality.,Finance,2024-11-04 12:45:00
67292df01641189d4000e9e9,43,9,Cooking for Beginners,A simple guide to get started in the kitchen with confidence.,Food,2024-11-04 14:00:00
67292df01641189d4000e9ea,44,10,The Science of Happiness,Explore what research says about achieving happiness in life.,Wellness,2024-11-04 15:15:00
67292df01641189d4000e9eb,45,1,Top Destinations for Adventure Travel,For thrill-seekers: the best spots around the world.,Travel,2024-11-04 16:30:00
67292df01641189d4000e9ec,46,5,Fashion Hacks for Every Occasion,Smart tips to dress for success in any situation.,Fashion,2024-11-04 17:45:00
67292df01641189d4000e9ed,47,2,The Best Apps for Productivity,Boost your productivity with these must-have applications.,Tech,2024-11-04 19:00:00
67292df01641189d4000e9ee,48,6,Understanding Cryptocurrency,A beginner's guide to the world of digital currency.,Finance,2024-11-04 20:15:00
67292df01641189d4000e9ef,49,3,Exploring the Great Outdoors,Tips for finding and enjoying local natural parks.,Travel,2024-11-04 21:30:00
67292df01641189d4000e9f0,50,4,Building Confidence Through Public Speaking,Strategies to enhance your public speaking skills.,Education,2024-11-04 22:45:00
67292df01641189d4000e9f1,51,7,How to Organize Your Workspace,Create a productive environment with these organization tips.,Career,2024-11-05 09:00:00
67292df01641189d4000e9f2,52,8,The Impact of Diet on Mental Health,How what you eat can influence your mood and well-being.,Health,2024-11-05 10:15:00
67292df01641189d4000e9f3,53,9,Must-Watch TV Series for 2024,Get ready for binge-watching with these upcoming shows.,Movies,2024-11-05 11:30:00
67292df01641189d4000e9f4,54,10,Gardening for Beginners,"Tips to start your own garden, no matter how small.",Home,2024-11-05 12:45:00
67292df01641189d4000e9f5,55,5,Effective Communication Skills,Enhance your personal and professional relationships.,Relationships,2024-11-05 14:00:00
67292df01641189d4000e9f6,56,2,Exploring Minimalism,How adopting a minimalist lifestyle can improve your life.,Lifestyle,2024-11-05 15:15:00
67292df01641189d4000e9f7,57,1,The Art of Negotiation,Learn techniques to negotiate effectively in any situation.,Career,2024-11-05 16:30:00
67292df01641189d4000e9f8,58,4,Healthy Snack Ideas,Snack smart with these quick and nutritious options.,Health,2024-11-05 17:45:00
67292df01641189d4000e9f9,59,3,Creative Writing Prompts,Get inspired with these unique writing prompts.,Literature,2024-11-05 19:00:00
67292df01641189d4000e9fa,60,6,Traveling Solo: A Complete Guide,Everything you need to know for a safe and enjoyable solo trip.,Travel,2024-11-05 20:15:00
67292df01641189d4000e9fb,61,7,Sustainable Eating Practices,How to make your diet more eco-friendly.,Food,2024-11-05 21:30:00
67292df01641189d4000e9fc,62,2,How to Read More Books,Practical tips to fit more reading into your busy life.,Literature,2024-11-06 09:00:00
67292df01641189d4000e9fd,63,8,Fitness Myths Debunked,Separating fact from fiction in the fitness world.,Health,2024-11-06 10:15:00
67292df01641189d4000e9fe,64,1,Starting a Podcast: A Beginner's Guide,Learn the basics of launching your own podcast.,Media,2024-11-06 11:30:00
67292df01641189d4000e9ff,65,5,How to Choose the Right Career Path,Guidance for finding a career that suits your passions.,Career,2024-11-06 12:45:00
67292df01641189d4000ea00,66,9,The Importance of Sleep,Understanding how sleep impacts your health and productivity.,Wellness,2024-11-06 14:00:00
67292df01641189d4000ea01,67,10,Art Therapy and Mental Health,Exploring the benefits of creative expression for mental well-being.,Art,2024-11-06 15:15:00
67292df01641189d4000ea02,68,3,Fashion Essentials for Every Closet,Timeless pieces that every wardrobe should have.,Fashion,2024-11-06 16:30:00
67292df01641189d4000ea03,69,4,Traveling with Pets,Tips for a stress-free vacation with your furry friends.,Travel,2024-11-06 17:45:00
67292df01641189d4000ea04,70,6,Creating a Personal Budget,Step-by-step guide to managing your finances effectively.,Finance,2024-11-06 19:00:00
67292df01641189d4000ea05,71,2,The Benefits of Meditation,Discover how meditation can enhance your daily life.,Wellness,2024-11-06 20:15:00
67292df01641189d4000ea06,72,7,Best Practices for Remote Work,How to stay productive and connected while working from home.,Career,2024-11-06 21:30:00
67292df01641189d4000ea07,73,5,Exploring World Cuisines,A culinary journey through different cultures and flavors.,Food,2024-11-06 22:45:00
67292df01641189d4000ea08,74,9,Classic Literature Everyone Should Read,Must-reads that have stood the test of time.,Literature,2024-11-07 09:00:00
67292df01641189d4000ea09,75,3,Planning a Road Trip,Essential tips for an unforgettable road trip experience.,Travel,2024-11-07 10:15:00
67292df01641189d4000ea0a,76,1,The Importance of Networking,Building professional relationships for career advancement.,Career,2024-11-07 11:30:00
67292df01641189d4000ea0b,77,4,Fun and Creative Hobbies,Discover new hobbies to enrich your free time.,Lifestyle,2024-11-07 12:45:00
67292df01641189d4000ea0c,78,2,Fitness Goals for the New Year,Setting achievable fitness goals to kickstart your year.,Health,2024-11-07 14:00:00
67292df01641189d4000ea0d,79,6,The Role of Music in Culture,How music influences and reflects societal values.,Music,2024-11-07 15:15:00
67292df01641189d4000ea0e,80,8,Understanding Climate Change,A guide to the causes and effects of climate change.,Environment,2024-11-07 16:30:00
67292df01641189d4000ea0f,81,10,How to Write a Resume that Stands Out,Tips for creating an effective and eye-catching resume.,Career,2024-11-07 17:45:00
67292df01641189d4000ea10,82,7,Digital Detox: Why You Need It,The benefits of unplugging from technology for your mental health.,Wellness,2024-11-07 19:00:00
67292df01641189d4000ea11,83,3,Exploring Different Art Forms,A look at various forms of artistic expression and their significance.,Art,2024-11-07 20:15:00
67292df01641189d4000ea12,84,5,Tips for Hosting a Dinner Party,Make your next gathering a memorable event with these tips.,Food,2024-11-07 21:30:00
67292df01641189d4000ea13,85,1,Understanding Personal Finance,Key concepts every individual should know about managing money.,Finance,2024-11-07 22:45:00
67292df01641189d4000ea14,86,4,Top 10 Must-Read Non-Fiction Books,Expand your knowledge with these insightful reads.,Literature,2024-11-08 09:00:00
67292df01641189d4000ea15,87,9,How to Improve Your Photography Skills,Practical tips to elevate your photography game.,Photography,2024-11-08 10:15:00
67292df01641189d4000ea16,88,2,The Benefits of Joining a Club,How clubs can enhance your social life and interests.,Lifestyle,2024-11-08 11:30:00
67292df01641189d4000ea17,89,6,Travel Safety Tips for Women,Essential safety tips for female travelers.,Travel,2024-11-08 12:45:00
67292df01641189d4000ea18,90,3,Creative Ways to Stay Fit at Home,Fun exercises to keep you active without a gym.,Health,2024-11-08 14:00:00
67292df01641189d4000ea19,91,8,The Importance of Volunteer Work,How giving back can enrich your life and community.,Social,2024-11-08 15:15:00
67292df01641189d4000ea1a,92,10,Fashion History: Key Trends,A look back at significant fashion trends through the decades.,Fashion,2024-11-08 16:30:00
67292df01641189d4000ea1b,93,5,A Beginner's Guide to Hiking,Everything you need to know for a safe and enjoyable hike.,Sports,2024-11-08 17:45:00
67292df01641189d4000ea1c,94,7,Mental Health Resources Online,Where to find support and information for mental health.,Health,2024-11-08 19:00:00
67292df01641189d4000ea1d,95,1,The Role of Social Media in Modern Marketing,How businesses can leverage social media effectively.,Marketing,2024-11-08 20:15:00
67292df01641189d4000ea1e,96,9,The Evolution of Music Genres,Explore how different music genres have developed over time.,Music,2024-11-08 21:30:00
67292df01641189d4000ea1f,97,2,Choosing the Right College Major,Factors to consider when selecting your field of study.,Education,2024-11-09 09:00:00
67292df01641189d4000ea20,98,3,How to Make Friends as an Adult,Tips for building new friendships in adulthood.,Relationships,2024-11-09 10:15:00
67292df01641189d4000ea21,99,4,The Future of Renewable Energy,Exploring innovations in sustainable energy solutions.,Environment,2024-11-09 11:30:00
67292df01641189d4000ea22,100,6,Tips for Effective Time Management,Strategies to make the most of your day.,Productivity,2024-11-09 12:45:00
67292df01641189d4000ea23,101,8,Healthy Meal Prep Ideas,Save time and eat well with these meal prep tips.,Food,2024-11-09 14:00:00
67292df01641189d4000ea24,102,5,Exploring the Benefits of Journaling,How writing can improve your mental health and clarity.,Wellness,2024-11-09 15:15:00
67292df01641189d4000ea25,103,1,Adventure Sports Around the World,Top destinations for thrill-seeking adventurers.,Sports,2024-11-09 16:30:00
67292df01641189d4000ea26,104,3,Understanding Digital Marketing,An overview of key concepts in digital marketing.,Marketing,2024-11-09 17:45:00
67292df01641189d4000ea27,105,4,Top 10 Healthy Desserts,Indulge your sweet tooth with these guilt-free recipes.,Food,2024-11-09 19:00:00
67292df01641189d4000ea28,106,9,How to Find Your Passion,Guidance on discovering what truly excites you in life.,Lifestyle,2024-11-09 20:15:00
67292df01641189d4000ea29,107,6,The Benefits of Regular Exercise,Why staying active is essential for your health.,Health,2024-11-09 21:30:00
67292df01641189d4000ea2a,108,2,Crafting Your Personal Brand,Tips for building a personal brand that reflects you.,Career,2024-11-09 22:45:00
67292df01641189d4000ea2b,109,10,The Role of Literature in Society,How books influence culture and provoke thought.,Literature,2024-11-10 09:00:00
67292df01641189d4000ea2c,110,7,Creating a Balanced Diet,Understanding the components of a healthy eating plan.,Health,2024-11-10 10:15:00
67292df01641189d4000ea2d,111,1,Traveling Through Europe on a Budget,Tips for experiencing Europe without overspending.,Travel,2024-11-10 11:30:00
67292df01641189d4000ea2e,112,5,Innovative Home Decor Ideas,Refresh your living space with these creative decor tips.,Home,2024-11-10 12:45:00
67292df01641189d4000ea2f,113,4,Top 10 Movies of 2024,A look at the most anticipated films of the year.,Movies,2024-11-10 14:00:00
67292df01641189d4000ea30,114,3,Effective Study Habits for Students,How to maximize your learning potential.,Education,2024-11-10 15:15:00
67292df01641189d4000ea31,115,9,The Evolution of Fashion Trends,A history of how fashion has changed over the years.,Fashion,2024-11-10 16:30:00
67292df01641189d4000ea32,116,8,How to Deal with Stress,Practical strategies for managing stress in daily life.,Wellness,2024-11-10 17:45:00
67292df01641189d4000ea33,117,2,Understanding Blockchain Technology,A beginner's guide to the technology behind cryptocurrencies.,Tech,2024-11-10 19:00:00
67292df01641189d4000ea34,118,6,Mindful Eating Practices,How to cultivate mindfulness during meals for better health.,Health,2024-11-10 20:15:00
67292df01641189d4000ea35,119,7,Exploring Art Movements,A look at the most influential art movements in history.,Art,2024-11-10 21:30:00
67292df01641189d4000ea36,120,10,Best Tips for Public Speaking,Overcome your fear and captivate your audience.,Education,2024-11-10 22:45:00
67292df01641189d4000ea37,121,5,Sustainable Travel Tips,How to minimize your environmental impact while traveling.,Travel,2024-11-11 09:00:00
67292df01641189d4000ea38,122,1,Tech Gadgets to Enhance Your Life,Discover the latest gadgets that simplify daily tasks.,Technology,2024-11-11 10:15:00
67292df01641189d4000ea39,123,3,How to Create a Vision Board,Visualize your goals and dreams with a vision board.,Lifestyle,2024-11-11 11:30:00
67292df01641189d4000ea3a,124,4,Healthy Alternatives to Your Favorite Snacks,Switch out unhealthy snacks for these nutritious options.,Food,2024-11-11 12:45:00
67292df01641189d4000ea3b,125,8,How to Choose the Right College,Factors to consider when selecting a university.,Education,2024-11-11 14:00:00
67292df01641189d4000ea3c,126,6,Building Strong Professional Networks,The importance of networking in your career.,Career,2024-11-11 15:15:00
67292df01641189d4000ea3d,127,7,Understanding Nutrition Labels,Learn how to read and interpret nutrition information.,Health,2024-11-11 16:30:00
67292df01641189d4000ea3e,128,2,DIY Home Improvement Projects,Affordable ways to upgrade your living space.,Home,2024-11-11 17:45:00
67292df01641189d4000ea3f,129,10,The Power of Positive Thinking,How a positive mindset can transform your life.,Wellness,2024-11-11 19:00:00
67292df01641189d4000ea40,130,9,Tips for First-Time Homebuyers,Navigating the process of buying your first home.,Finance,2024-11-11 20:15:00
67292df01641189d4000ea41,131,3,Classic Films You Must See,A list of timeless movies that everyone should watch.,Movies,2024-11-11 21:30:00
67292df01641189d4000ea42,132,4,The Impact of Technology on Education,How technology is changing the way we learn.,Education,2024-11-11 22:45:00
67292df01641189d4000ea43,133,1,Best Practices for Freelancers,How to thrive as a freelancer in today's market.,Career,2024-11-12 09:00:00
67292df01641189d4000ea44,134,5,Top Healthy Breakfast Ideas,Start your day with these nutritious breakfast options.,Food,2024-11-12 10:15:00
67292df01641189d4000ea45,135,8,Exploring Cultural Diversity Through Travel,How traveling can broaden your perspective on culture.,Travel,2024-11-12 11:30:00
67292df01641189d4000ea46,136,9,Strategies for Effective Time Management,Learn to manage your time wisely with these strategies.,Productivity,2024-11-12 12:45:00
67292df01641189d4000ea47,137,10,The Basics of Home Gardening,"Tips to start your own garden, no matter the space.",Home,2024-11-12 14:00:00
67292df01641189d4000ea48,138,6,Creative Fundraising Ideas,Innovative ways to raise money for your cause.,Social,2024-11-12 15:15:00
67292df01641189d4000ea49,139,7,Understanding the Stock Market,A beginner's guide to navigating stock trading.,Finance,2024-11-12 16:30:00
67292df01641189d4000ea4a,140,2,How to Cultivate Gratitude,Simple practices to incorporate gratitude into your daily life.,Wellness,2024-11-12 17:45:00
67292df01641189d4000ea4b,141,1,The Importance of Family Traditions,How family traditions strengthen bonds and create memories.,Relationships,2024-11-12 19:00:00
67292df01641189d4000ea4c,142,5,How to Start a Book Club,Tips for creating and running a successful book club.,Literature,2024-11-12 20:15:00
67292df01641189d4000ea4d,143,3,Healthy Lunch Ideas for Work,Nutritious meals to pack for your workday.,Food,2024-11-12 21:30:00
67292df01641189d4000ea4e,144,4,How to Make the Most of Your Morning,Tips for starting your day on the right foot.,Lifestyle,2024-11-12 22:45:00
67292df01641189d4000ea4f,145,8,The Benefits of Learning a New Language,Why picking up a new language can enrich your life.,Education,2024-11-13 09:00:00
67292df01641189d4000ea50,146,6,Tips for a Successful Job Interview,Prepare effectively and impress your interviewers.,Career,2024-11-13 10:15:00
67292df01641189d4000ea51,147,10,Understanding Different Types of Yoga,A guide to the various styles of yoga and their benefits.,Health,2024-11-13 11:30:00
67292df01641189d4000ea52,148,2,How to Plan a Family Vacation,Essential tips for a stress-free family getaway.,Travel,2024-11-13 12:45:00
67292df01641189d4000ea53,149,3,The Art of Storytelling,How to engage an audience through effective storytelling.,Media,2024-11-13 14:00:00
67292df01641189d4000ea54,150,5,Exploring Plant-Based Diets,The benefits of adopting a plant-based lifestyle.,Food,2024-11-13 15:15:00
67292df01641189d4000ea55,151,1,How to Stay Motivated While Working from Home,Strategies for maintaining motivation and productivity.,Career,2024-11-13 16:30:00
67292df01641189d4000ea56,152,7,The Impact of Globalization on Culture,How globalization is shaping cultural identity worldwide.,Culture,2024-11-13 17:45:00
67292df01641189d4000ea57,153,9,Tips for Writing Engaging Blog Posts,How to capture your readers' attention with your writing.,Writing,2024-11-13 19:00:00
67292df01641189d4000ea58,154,4,The Importance of Exercise for Mental Health,How physical activity can improve your mood.,Health,2024-11-13 20:15:00
67292df01641189d4000ea59,155,6,Creating a Home Office You Love,Design tips for a functional and inspiring workspace.,Home,2024-11-13 21:30:00
67292df01641189d4000ea5a,156,3,Exploring the World of Indie Music,A look at the rising trends in the indie music scene.,Music,2024-11-13 22:45:00
67292df01641189d4000ea5b,157,2,The Art of Minimalist Living,How to simplify your life and focus on what matters.,Lifestyle,2024-11-14 09:00:00
67292df01641189d4000ea5c,158,8,How to Boost Your Creativity,Techniques to enhance your creative thinking.,Creativity,2024-11-14 10:15:00
67292df01641189d4000ea5d,159,10,The Best Hiking Trails in the U.S.,Discover breathtaking hiking trails across the country.,Sports,2024-11-14 11:30:00
67292df01641189d4000ea5e,160,5,Understanding the Basics of Personal Finance,Key concepts to help you manage your money effectively.,Finance,2024-11-14 12:45:00
67292df01641189d4000ea5f,161,1,Creating a Positive Work Environment,How to foster positivity in the workplace.,Career,2024-11-14 14:00:00
67292df01641189d4000ea60,162,4,The Benefits of Nature Walks,How spending time in nature can enhance your well-being.,Wellness,2024-11-14 15:15:00
67292df01641189d4000ea61,163,3,Cooking for One: Easy Recipes,Quick and simple meals for solo cooks.,Food,2024-11-14 16:30:00
67292df01641189d4000ea62,164,9,Exploring Historical Sites Around the World,A journey through the most significant historical landmarks.,Travel,2024-11-14 17:45:00
67292df01641189d4000ea63,165,2,How to Create a Budget You Can Stick To,Practical tips for managing your finances effectively.,Finance,2024-11-14 19:00:00
67292df01641189d4000ea64,166,6,Understanding Social Media Marketing,How to leverage social media for business success.,Marketing,2024-11-14 20:15:00
67292df01641189d4000ea65,167,7,Top Benefits of Reading Fiction,How reading fiction can enrich your life and perspective.,Literature,2024-11-14 21:30:00
67292df01641189d4000ea66,168,10,How to Handle Rejection Gracefully,Tips for coping with rejection in personal and professional life.,Relationships,2024-11-14 22:45:00
67292df01641189d4000ea67,169,5,The Basics of Cooking for Beginners,Essential techniques for novice cooks.,Food,2024-11-15 09:00:00
67292df01641189d4000ea68,170,3,The Importance of Emotional Intelligence,How emotional intelligence can impact your relationships.,Wellness,2024-11-15 10:15:00
67292df01641189d4000ea69,171,8,Travel Essentials for Every Trip,What to pack for a successful and stress-free journey.,Travel,2024-11-15 11:30:00
67292df01641189d4000ea6a,172,1,Starting Your Own Business: A Guide,Key steps to launching your own successful venture.,Business,2024-11-15 12:45:00
67292df01641189d4000ea6b,173,6,Exploring the Benefits of Meditation,How meditation can enhance your overall well-being.,Wellness,2024-11-15 14:00:00
67292df01641189d4000ea6c,174,4,The Future of Artificial Intelligence,Exploring the potential impact of AI on our lives.,Technology,2024-11-15 15:15:00
67292df01641189d4000ea6d,175,2,Tips for Sustainable Living,How to reduce your environmental footprint at home.,Lifestyle,2024-11-15 16:30:00
67292df01641189d4000ea6e,176,10,How to Create a Reading Habit,Practical tips for integrating reading into your daily routine.,Literature,2024-11-15 17:45:00
67292df01641189d4000ea6f,177,5,Essential Skills for the Modern Workplace,Key skills you need to thrive in today's job market.,Career,2024-11-15 19:00:00
67292df01641189d4000ea70,178,9,How to Stay Fit Without a Gym Membership,Creative ways to work out at home or outdoors.,Fitness,2024-11-15 20:15:00
67292df01641189d4000ea71,179,3,The Importance of Setting Goals,How setting clear goals can lead to success.,Motivation,2024-11-15 21:30:00
67292df01641189d4000ea72,180,7,Tips for a Healthy Relationship,Key practices for nurturing a loving and supportive partnership.,Relationships,2024-11-15 22:45:00
67292df01641189d4000ea73,181,8,Exploring Different Types of Cuisine,A culinary journey through the world's diverse flavors.,Food,2024-11-16 09:00:00
67292df01641189d4000ea74,182,1,How to Reduce Screen Time,Tips for cutting down on screen time for better health.,Wellness,2024-11-16 10:15:00
67292df01641189d4000ea75,183,5,Understanding the Basics of Investing,A beginner's guide to making your money work for you.,Finance,2024-11-16 11:30:00
67292df01641189d4000ea76,184,4,The Power of Forgiveness,How letting go can lead to a healthier mind and spirit.,Wellness,2024-11-16 12:45:00
67292df01641189d4000ea77,185,10,The Benefits of Community Service,How giving back can positively impact your life.,Social,2024-11-16 14:00:00
67292df01641189d4000ea78,186,6,How to Prepare for a Job Interview,Essential tips to impress your potential employers.,Career,2024-11-16 15:15:00
67292df01641189d4000ea79,187,2,Top Travel Destinations for 2025,Get ready for the hottest travel spots of the upcoming year.,Travel,2024-11-16 16:30:00
67292df01641189d4000ea7a,188,3,Simple Ways to Live Sustainably,Everyday actions you can take to protect the planet.,Lifestyle,2024-11-16 17:45:00
67292df01641189d4000ea7b,189,9,How to Overcome Procrastination,Effective strategies to beat procrastination and boost productivity.,Motivation,2024-11-16 19:00:00
67292df01641189d4000ea7c,190,7,The Art of Persuasion,Techniques to effectively persuade others in any situation.,Communication,2024-11-16 20:15:00
67292df01641189d4000ea7d,191,1,Planning Your Retirement: What You Need to Know,Essential steps for a secure and enjoyable retirement.,Finance,2024-11-16 21:30:00
67292df01641189d4000ea7e,192,8,How to Create a Capsule Wardrobe,"Simplify your wardrobe with essential, versatile pieces.",Fashion,2024-11-16 22:45:00
67292df01641189d4000ea7f,193,5,The Benefits of Pet Ownership,How having a pet can improve your life and well-being.,Lifestyle,2024-11-17 09:00:00
67292df01641189d4000ea80,194,2,How to Develop a Reading Habit,Practical tips for making reading a daily practice.,Literature,2024-11-17 10:15:00
67292df01641189d4000ea81,195,6,The Basics of Nutrition,Understanding the key components of a balanced diet.,Health,2024-11-17 11:30:00
67292df01641189d4000ea82,196,10,The Impact of Art on Society,Exploring how art influences social change and culture.,Art,2024-11-17 12:45:00
67292df01641189d4000ea83,197,3,How to Build a Strong Online Presence,Strategies for establishing your brand online.,Marketing,2024-11-17 14:00:00
67292df01641189d4000ea84,198,4,Traveling with Kids: Tips and Tricks,How to make family travel easier and more enjoyable.,Travel,2024-11-17 15:15:00
67292df01641189d4000ea85,199,8,How to Foster a Growth Mindset,Encouraging a mindset that embraces challenges and learning.,Education,2024-11-17 16:30:00
67292df01641189d4000ea86,200,9,The Importance of Family Time,How spending time with family can strengthen relationships.,Relationships,2024-11-17 17:45:00
